strategy_name,final_capital,total_return,max_drawdown,sharpe,quality_ratio,ruin,avg_position_pct,num_trades
Fixed 1%,104250.03088299649,0.04250030882996492,-0.0012641261290567845,0.7366364357461233,582.72384283027,False,0.01,83
Fixed 2%,108674.24414547709,0.08674244145477084,-0.002527309752638026,0.7366364357461206,291.4705785379943,False,0.02,83
Fixed 5%,123061.97922944161,0.2306197922944162,-0.006311208521468198,0.7366364357461214,116.7187604783426,False,0.049999999999999996,83
Fixed 10%,151219.85934972978,0.5121985934972979,-0.012598883715436293,0.7366364357461213,58.46838913542682,False,0.09999999999999999,83
Full Kelly (53.1%),840424.6108750711,7.404246108750712,-0.06576752919260277,0.7366364357461218,11.200609857013989,False,0.5305000000000002,83
Half Kelly,295724.08908323525,1.9572408908323524,-0.03321269473357552,0.7366364357461221,22.179363693769734,False,0.2652500000000001,83
Quarter Kelly,172844.74262129597,0.7284474262129597,-0.016688921764734726,0.7366364357461233,44.13924674886462,False,0.13262500000000005,83
Equal Weight (1/83 per trade),105141.78973610856,0.05141789736108571,-0.001522927228259825,0.7366364357461256,483.6977250632286,False,0.012048192771084338,83
